Input Size,Trial,Runtime (s)
60,1,10.16956639289856
60,2,10.22764539718628
60,3,10.179512739181519
60,4,10.23284649848938
60,5,10.252667665481567
